{"cameraMode":{"drawMode":0,"name":"Shaded","section":"Shading Mode"},"sceneLighting":true,"audioPlay":false,"sceneViewState":{"m_AlwaysRefresh":false,"showFog":true,"showSkybox":true,"showFlares":true,"showImageEffects":true,"showParticleSystems":true,"showVisualEffectGraphs":true,"m_FxEnabled":true},"in2DMode":false,"pivot":{"x":0.0008499026298522949,"y":1.2232283353805543,"z":-0.05403764545917511},"rotation":{"x":0.14626958966255189,"y":0.05190948396921158,"z":-0.007686727214604616,"w":0.9878548383712769},"size":1.6784260272979737,"orthographic":false}